location,month,temperature_2m_max,temperature_2m_min,temperature_2m_mean,precipitation_sum,wind_speed_10m_max,shortwave_radiation_sum,relative_humidity_2m_mean,surface_pressure_mean,cloud_cover_mean,dew_point_2m_mean,rain_lag1,tmax_lag1,rain_lag2,tmax_lag2,rain_lag3,tmax_lag3,rain_lag7,tmax_lag7,rain_mean3,tmax_mean3,rain_mean7,tmax_mean7,rain_mean30,tmax_mean30,wet_days_7,days_since_rain,pressure_change,doy_sin,doy_cos,city_Abuja,city_Kano,city_Lagos,city_Port Harcourt
Abuja,1,34.43341584158416,21.667574257425745,27.85371287128713,0.026856435643564356,12.5,21.392512376237626,26.97029702970297,960.0945544554455,36.69430693069307,5.608910891089109,0.026361386138613864,34.410024752475245,0.026485148514851484,34.39183168316831,0.018193069306930692,34.391584158415846,0.012252475247524751,34.31002475247525,0.026567656765676687,34.41175742574257,0.020243988684582683,34.38725247524753,0.014587458745874587,34.23147277227723,0.039603960396039604,53.29455445544554,-0.014975247524752221,0.26914622541598193,0.9507974930743714,1.0,0.0,0.0,0.0
Abuja,2,35.67247706422018,23.383486238532107,29.368414154652683,0.12372214941022282,12.516382699868938,22.382228047182174,30.269986893840105,959.2125819134993,43.75229357798165,7.758453473132372,0.10825688073394495,35.631061598951504,0.10209698558322412,35.594888597640896,0.08820445609436435,35.552817824377456,0.06186107470511141,35.425032765399735,0.11135867190913104,35.63280908693752,0.09269799662984461,35.55873431941584,0.05692442114460463,35.08465268676278,0.18479685452162517,44.44429882044561,-0.0332896461336834,0.6998826495000441,0.7004437289002414,1.0,0.0,0.0,0.0
Abuja,3,35.894743130227006,24.511230585424137,30.004181600955796,0.43154121863799283,11.365830346475509,22.476439665471922,45.4910394265233,958.6360812425329,60.15531660692951,14.839904420549582,0.41373954599761054,35.90609318996416,0.391636798088411,35.90537634408602,0.4056152927120669,35.89259259259259,0.39904420549581837,35.87885304659498,0.4123058542413395,35.90207088809239,0.4110940433521082,35.88288103771975,0.289426523297491,35.8621465551573,0.5495818399044206,25.93309438470729,-0.02329749103942625,0.9507358483495735,0.2694344298407859,1.0,0.0,0.0,0.0
Abuja,4,33.9995061728395,24.447283950617283,28.84567901234568,1.3176543209876543,11.463456790123457,20.775555555555556,61.92469135802469,958.7812345679013,70.57654320987655,19.909135802469134,1.2923456790123455,34.10024691358025,1.2517283950617284,34.21876543209876,1.2076543209876545,34.333456790123456,1.0053086419753086,34.72876543209876,1.2872427983539114,34.106172839506165,1.1977601410934748,34.33308641975309,0.8328600823045268,35.14476131687243,1.5802469135802468,7.587654320987654,0.037777777777777806,0.9585418516210323,-0.24324453218953682,1.0,0.0,0.0,0.0
Abuja,5,31.21816009557945,23.5247311827957,26.975149342891278,3.3897252090800474,10.377658303464756,18.118817204301077,75.08960573476702,960.2707287933094,74.45280764635604,21.850896057347672,3.3579450418160093,31.29593787335723,3.294504181600956,31.371923536439663,3.146236559139785,31.467861409796893,2.770967741935484,31.83058542413381,3.3473914774990075,31.29534050179211,3.1411845024748253,31.46927803379416,2.334810832337714,32.504659498207886,3.2031063321385904,2.089605734767025,0.052568697729988324,0.7072225541200714,-0.6901665192288707,1.0,0.0,0.0,0.0
Abuja,6,28.755253399258343,22.170951792336215,25.037206427688503,5.284177997527812,9.704202719406675,15.71609394313968,82.46353522867737,961.6986402966625,80.22373300370828,21.6566131025958,5.1087762669962915,28.830778739184176,5.049814585908529,28.89406674907293,5.029048207663783,28.940296662546356,4.901483312731767,29.20098887515451,5.147589616810881,28.826699629171813,5.0410206604273355,28.94705986226382,4.403671199011125,29.84545117428925,4.6823238566131025,0.5574783683559951,0.037206427688503935,0.26686277818903126,-0.9522608080565204,1.0,0.0,0.0,0.0
Abuja,7,27.254590570719603,21.407816377171216,23.838709677419356,7.0596774193548395,9.821836228287841,14.622158808933001,86.19727047146402,962.1843672456575,85.79776674937965,21.255086848635234,7.065384615384615,27.298138957816377,7.020099255583126,27.33858560794045,7.036848635235732,27.37258064516129,6.675434243176178,27.568238213399503,7.048387096774196,27.29710504549214,7.013399503722084,27.382382133995037,6.176745244003309,27.93299834574028,6.034739454094293,0.15260545905707196,0.0019851116625309046,-0.246312920457273,-0.9569859726584071,1.0,0.0,0.0,0.0
Abuja,8,26.66910669975186,21.173821339950372,23.428411910669976,9.176550868486352,10.180645161290323,13.575049627791563,87.19602977667493,961.9008684863524,88.51240694789082,21.0485111662531,9.066129032258065,26.669851116625313,9.02196029776675,26.657444168734493,8.888833746898262,26.660421836228288,8.8,26.624937965260546,9.088213399503724,26.665467328370546,8.929014533853245,26.65251683800071,8.22102564102564,26.773300248138955,6.347394540942928,0.12158808933002481,-0.01736972704714654,-0.6986015521486683,-0.6988906051626536,1.0,0.0,0.0,0.0
Abuja,9,28.032179487179484,21.298589743589744,24.08897435897436,8.090641025641025,8.872692307692308,15.849397435897437,85.79615384615384,961.500641025641,82.99230769230769,21.398205128205127,8.26025641025641,27.978461538461538,8.314358974358974,27.933461538461536,8.49423076923077,27.878589743589743,8.964615384615383,27.621794871794872,8.221752136752139,27.981367521367517,8.470146520146521,27.87021978021978,9.178653846153846,27.269602564102566,6.1461538461538465,0.1576923076923077,-0.01974358974358942,-0.9554483105408331,-0.25512261543731224,1.0,0.0,0.0,0.0
Abuja,10,29.840446650124072,21.779156327543426,25.267493796526054,3.6562034739454097,8.262158808933004,18.249875930521092,80.37344913151365,960.5668734491315,71.61166253101737,21.303473945409426,3.816004962779156,29.740694789081886,4.015384615384615,29.645037220843673,4.098883374689826,29.57816377171216,4.527047146401985,29.318610421836226,3.829197684036396,29.74205955334987,4.055902162353776,29.589985820630982,5.748722084367246,28.889334160463193,4.462779156327543,1.5409429280397022,-0.03560794044665004,-0.9540060537765929,0.25761338475855833,1.0,0.0,0.0,0.0
Abuja,11,32.73935897435898,21.988846153846154,27.059102564102563,0.24102564102564103,9.464358974358975,21.157371794871796,55.14871794871795,959.7321794871795,49.944871794871794,16.008333333333333,0.2864102564102564,32.64435897435897,0.31846153846153846,32.554358974358976,0.40538461538461534,32.448076923076925,0.7147435897435898,32.07269230769231,0.2819658119658127,32.64602564102563,0.44369963369963394,32.455347985347984,1.549923076923077,31.35368376068376,0.5615384615384615,14.915384615384616,-0.015641025641025846,-0.6971602505980882,0.701381927346947,1.0,0.0,0.0,0.0
Abuja,12,34.04975186104218,21.640570719602977,27.60806451612903,0.03957816377171216,11.772580645161291,21.004478908188588,31.727047146401986,959.9576923076924,32.37096774193548,7.910173697270472,0.03957816377171216,34.05024813895782,0.03858560794044665,34.04937965260546,0.03858560794044665,34.03709677419355,0.05235732009925559,33.96637717121588,0.03924731182795708,34.04979321753515,0.04127968805388162,34.02562920950018,0.08124069478908189,33.623006617038875,0.031017369727047148,39.21091811414392,0.028784119106699948,-0.2518491662038526,0.9555439310317305,1.0,0.0,0.0,0.0
Kano,1,29.368688118811882,14.18180693069307,21.662871287128713,0.0,13.690470297029702,21.55555693069307,21.780940594059405,960.8502475247525,29.730198019801982,-2.07759900990099,0.0,29.314975247524753,0.0,29.265841584158416,0.0,29.229950495049504,0.0,28.990717821782177,0.0,29.31650165016499,0.0,29.221958981612445,0.0,29.090292904290425,0.0,60.0,-0.021905940594059464,0.26914622541598193,0.9507974930743714,0.0,1.0,0.0,0.0
Kano,2,32.39855832241153,16.500262123197903,24.438532110091742,0.006946264744429882,13.786369593709043,23.374207077326343,17.235910878112712,959.5069462647444,30.716906946264743,-3.1840104849279163,0.006946264744429882,32.23591087811271,0.006946264744429882,32.09475753604194,0.006946264744429882,31.952555701179552,0.0,31.48414154652687,0.0069462647444300495,32.24307557885537,0.006309679835236818,31.97844972851526,0.0014722586282219373,30.808920926168632,0.01703800786369594,59.469200524246396,-0.06946264744429823,0.6998826495000441,0.7004437289002414,0.0,1.0,0.0,0.0
Kano,3,36.388172043010755,19.891875746714458,28.3247311827957,0.000955794504181601,13.965352449223417,25.11772998805257,15.332138590203106,957.7943847072879,42.99163679808841,-2.3771804062126645,0.000955794504181601,36.30800477897252,0.000955794504181601,36.210513739546,0.000955794504181601,36.111350059737156,0.0072879330943847066,35.70442054958184,0.0009557945041818422,36.3022301871764,0.0015360983102918144,36.10303806110258,0.005432098765432147,34.626236559139784,0.0011947431302270011,58.55555555555556,-0.05364396654719246,0.9507358483495735,0.2694344298407859,0.0,1.0,0.0,0.0
Kano,4,38.72320987654321,23.187407407407406,31.15172839506173,0.04209876543209877,14.541975308641975,25.11556790123457,25.614814814814814,956.5733333333334,51.46913580246913,5.770740740740741,0.03839506172839506,38.671975308641976,0.034444444444444444,38.617283950617285,0.031234567901234567,38.553703703703704,0.018271604938271603,38.281975308641975,0.03831275720164755,38.67082304526747,0.030582010582010346,38.547072310405646,0.013596707818930099,37.696349794238685,0.06790123456790123,54.38148148148148,-0.005185185185185101,0.9585418516210323,-0.24324453218953682,0.0,1.0,0.0,0.0
Kano,5,38.09605734767025,24.83321385902031,31.25436081242533,0.6066905615292713,15.55925925925926,23.84715651135006,44.18637992831541,957.7204301075269,51.11350059737156,15.387216248506572,0.5647550776583035,38.16200716845878,0.5468339307048984,38.235603345280765,0.5039426523297491,38.30382317801673,0.40692951015531664,38.524611708482674,0.5727598566308305,38.16455595380324,0.511298856460146,38.29035671616317,0.30161688570290734,38.63687773795301,0.7968936678614098,24.412186379928315,0.05555555555555528,0.7072225541200714,-0.6901665192288707,0.0,1.0,0.0,0.0
Kano,6,34.69678615574784,24.07911001236094,28.833498145859085,2.141038318912237,15.675896168108775,22.491545117428924,62.22373300370828,959.2640296662546,55.103831891223734,20.043757725587145,2.0599505562422746,34.83559950556242,1.9974042027194068,34.964647713226206,1.9320148331273177,35.09332509270705,1.6797280593325095,35.65265760197775,2.066131025957985,34.832344458178795,1.9504326328800976,35.09977043969627,1.282731767614339,36.50502266172229,2.480840543881335,3.9901112484548826,0.04202719406674935,0.26686277818903126,-0.9522608080565204,0.0,1.0,0.0,0.0
Kano,7,31.01488833746898,22.701736972704712,26.269478908188585,4.822828784119107,14.86240694789082,20.321414392059552,74.86476426799007,959.9069478908189,69.58436724565757,21.114019851116627,4.731885856079405,31.117245657568237,4.627419354838709,31.210049627791562,4.591811414392059,31.296774193548387,4.233622828784119,31.704218362282877,4.727377998345754,31.11406120760957,4.546703296703296,31.309269762495568,3.4066708023159635,32.694214226633584,4.312655086848635,0.6774193548387096,0.0018610421836228288,-0.246312920457273,-0.9569859726584071,0.0,1.0,0.0,0.0
Kano,8,29.368858560794045,21.96265508684864,25.081885856079406,7.723200992555831,13.866129032258065,18.50321339950372,80.69727047146402,959.8022332506204,77.61910669975187,21.30744416873449,7.796774193548387,29.374441687344913,7.75955334987593,29.400992555831266,7.69181141439206,29.416377171215878,7.42531017369727,29.49317617866005,7.759842845326731,29.381430934656716,7.6838355193193895,29.41405529953917,6.64463606286187,29.867758478081058,5.287841191066997,0.3573200992555831,-0.0063275434243182105,-0.6986015521486683,-0.6988906051626536,0.0,1.0,0.0,0.0
Kano,9,31.18897435897436,22.199615384615385,26.1274358974359,3.9269230769230767,12.12051282051282,21.56329487179487,77.17435897435898,959.5683333333334,63.33717948717949,21.447307692307692,4.000641025641026,31.089615384615385,4.173461538461539,30.984743589743587,4.383461538461538,30.886666666666663,5.2130769230769225,30.4774358974359,4.033675213675228,31.08777777777775,4.41153846153846,30.879945054945054,6.395901709401709,30.05668376068376,3.7333333333333334,1.226923076923077,-0.019743589743588984,-0.9554483105408331,-0.25512261543731224,0.0,1.0,0.0,0.0
Kano,10,33.64937965260546,20.877667493796526,26.96265508684864,0.5988833746898263,12.177915632754342,22.53028535980149,54.102977667493796,958.8336228287842,48.630272952853595,15.273697270471464,0.6733250620347395,33.60831265508685,0.7312655086848635,33.55719602977668,0.7409429280397023,33.5212158808933,0.9057071960297767,33.35,0.6678246484698158,33.604962779156295,0.7392945763913497,33.525611485288906,1.7424110835401159,32.627646815550044,0.9292803970223326,9.975186104218363,-0.008312655086848832,-0.9540060537765929,0.25761338475855833,0.0,1.0,0.0,0.0
Kano,11,32.84666666666667,17.73974358974359,25.212948717948716,0.0005128205128205128,12.743589743589743,22.155025641025638,28.33974358974359,959.2797435897435,37.176923076923075,4.383461538461538,0.0007692307692307693,32.915128205128205,0.001153846153846154,32.98525641025641,0.004230769230769231,33.047179487179484,0.027564102564102563,33.26269230769231,0.0008119658119658778,32.915683760683734,0.006611721611721592,33.03774725274725,0.13375213675213685,33.53549572649573,0.008974358974358974,36.24230769230769,0.02807692307692334,-0.6971602505980882,0.701381927346947,0.0,1.0,0.0,0.0
Kano,12,29.844044665012404,14.91985111662531,22.259181141439207,0.0,13.151612903225807,20.966625310173697,24.643920595533498,960.524317617866,29.543424317617866,0.15620347394540943,0.0,29.9363523573201,0.0,30.033374689826303,0.0,30.13858560794045,0.0,30.60893300248139,0.0,29.93792390405291,0.0,30.14794399149238,6.617038875103391e-05,31.35573614557486,0.0,57.588089330024815,0.05037220843672389,-0.2518491662038526,0.9555439310317305,0.0,1.0,0.0,0.0
Lagos,1,31.362128712871286,24.504331683168317,27.42017326732673,0.817450495049505,15.77920792079208,18.737883663366336,76.61262376237623,1009.50099009901,50.665841584158414,22.370049504950494,0.8086633663366336,31.36509900990099,0.7709158415841584,31.372772277227725,0.7608910891089108,31.37970297029703,0.6964108910891089,31.414851485148517,0.7990099009901006,31.366666666666656,0.755640028288545,31.38553748231966,0.6743564356435644,31.327103960396038,1.631188118811881,9.969059405940595,-0.011138613861386561,0.26914622541598193,0.9507974930743714,0.0,0.0,1.0,0.0
Lagos,2,31.482830930537354,25.629226736566185,28.01834862385321,1.4086500655307994,17.374180865006554,19.030222804718218,79.16775884665793,1008.7390563564876,59.10091743119266,23.738925294888595,1.395019659239843,31.48007863695937,1.3807339449541285,31.47929226736566,1.317824377457405,31.486500655307996,1.1711664482306685,31.477064220183486,1.394801223241592,31.480733944954117,1.3289833364538495,31.482063284029206,1.0795019659239842,31.387321974661425,2.673656618610747,4.81389252948886,-0.024246395806028984,0.6998826495000441,0.7004437289002414,0.0,0.0,1.0,0.0
Lagos,3,31.137873357228198,26.442652329749105,28.31409796893668,2.4602150537634406,17.791039426523298,18.68584229390681,80.67144563918758,1008.4275985663082,72.20430107526882,24.547909199522103,2.4179211469534048,31.14551971326165,2.4021505376344083,31.147192353643966,2.418279569892473,31.14205495818399,2.3508960573476703,31.187096774193545,2.4267622461170872,31.14352847471126,2.3990612732548238,31.147738521932073,2.032568697729988,31.313337315810433,3.992831541218638,1.032258064516129,-0.017562724014336565,0.9507358483495735,0.2694344298407859,0.0,0.0,1.0,0.0
Lagos,4,30.684074074074072,26.269382716049385,28.080123456790126,3.819259259259259,16.989876543209874,18.195185185185185,81.75308641975309,1008.5945679012345,78.55308641975309,24.57,3.7564197530864196,30.705308641975307,3.7003703703703708,30.73604938271605,3.6439506172839504,30.753456790123455,3.4237037037037035,30.82753086419753,3.7586831275720187,30.70847736625513,3.6281657848324538,30.754462081128747,3.146255144032922,30.92353086419753,4.661728395061728,0.6345679012345679,0.03629629629629585,0.9585418516210323,-0.24324453218953682,0.0,0.0,1.0,0.0
Lagos,5,29.71063321385902,25.62138590203106,27.378494623655914,6.174074074074074,15.125448028673835,16.77193548387097,84.0752688172043,1010.0866188769414,81.43249701314217,24.37741935483871,5.9635603345280765,29.767502986857828,5.818996415770609,29.811230585424134,5.6769414575866195,29.871565113500598,5.318876941457586,30.03667861409797,5.985543608124256,29.763122262046984,5.756323604710704,29.85900324287421,4.797710075667065,30.25673038630028,5.591397849462366,0.31899641577060933,0.057467144563919055,0.7072225541200714,-0.6901665192288707,0.0,0.0,1.0,0.0
Lagos,6,28.000494437577256,24.471940667490728,25.990852904820766,9.500618046971569,15.431520395550063,14.48514215080346,86.67490729295426,1011.8317676143387,83.8875154511743,23.551174289245985,9.576885043263287,28.051915945611867,9.48281829419036,28.103955500618046,9.36452410383189,28.151174289245983,9.165142150803462,28.366254635352284,9.520107128141742,28.052121961269048,9.399752781211374,28.15355818470775,8.110317264112073,28.812492789451998,6.503090234857849,0.08405438813349815,0.047713226205191625,0.26686277818903126,-0.9522608080565204,0.0,0.0,1.0,0.0
Lagos,7,27.08908188585608,23.87704714640199,25.18573200992556,6.148263027295285,18.142183622828785,14.587444168734491,86.14143920595534,1012.601488833747,83.03970223325062,22.661910669975185,6.274565756823821,27.1014888337469,6.531761786600497,27.11550868486352,6.8363523573200995,27.12295285359801,7.3813895781637715,27.191563275434245,6.318196856906537,27.102026468155493,6.718929457639137,27.131265508684862,8.346050454921423,27.41653846153846,5.732009925558312,0.42431761786600497,0.01017369727047152,-0.246312920457273,-0.9569859726584071,0.0,0.0,1.0,0.0
Lagos,8,26.907320099255582,23.617617866004963,24.909305210918117,4.054838709677419,19.207071960297768,15.06409429280397,85.89081885856079,1012.3801488833748,81.87344913151365,22.335980148883372,4.054838709677419,26.89925558312655,4.000992555831266,26.890198511166254,3.9507444168734493,26.885359801488832,3.882382133995037,26.875682382133995,4.036889991728704,26.898924731182785,3.9756646579227244,26.886104218362284,4.43894540942928,26.925153019023984,4.527295285359801,0.7369727047146402,-0.024317617866005132,-0.6986015521486683,-0.6988906051626536,0.0,0.0,1.0,0.0
Lagos,9,27.42397435897436,23.870128205128207,25.320641025641024,6.806025641025641,16.467179487179486,15.400192307692308,87.15,1011.6955128205128,82.90641025641025,22.98551282051282,6.688846153846154,27.395769230769233,6.6742307692307685,27.37153846153846,6.630769230769231,27.352948717948717,6.223205128205128,27.260512820512822,6.72303418803419,27.39709401709401,6.590494505494507,27.350512820512822,5.5492905982905985,27.117299145299143,5.975641025641026,0.2128205128205128,-0.029743589743589656,-0.9554483105408331,-0.25512261543731224,0.0,0.0,1.0,0.0
Lagos,10,28.469478908188588,24.426426799007444,26.1424317617866,5.223200992555831,13.70620347394541,16.51153846153846,86.68858560794045,1010.5424317617866,77.42183622828784,23.70136476426799,5.325930521091811,28.432382133995038,5.390818858560794,28.394665012406946,5.447270471464019,28.357692307692307,5.892059553349876,28.216997518610423,5.313316790736148,28.43217535153018,5.477897908543072,28.358702587734843,6.157063688999172,27.95470223325062,6.106699751861042,0.16501240694789082,-0.03933002481389598,-0.9540060537765929,0.25761338475855833,0.0,0.0,1.0,0.0
Lagos,11,29.698461538461537,25.15820512820513,27.150128205128205,2.318846153846154,13.60102564102564,17.310397435897436,84.33846153846154,1009.5170512820514,58.86666666666667,24.194358974358973,2.4465384615384616,29.64897435897436,2.5393589743589744,29.605,2.6185897435897436,29.559743589743587,2.937692307692308,29.410128205128206,2.4349145299145323,29.650811965811958,2.6053663003663026,29.571593406593404,3.7156282051282052,29.115141025641027,4.643589743589744,0.7589743589743589,-0.02499999999999942,-0.6971602505980882,0.701381927346947,0.0,0.0,1.0,0.0
Lagos,12,30.990818858560793,24.785111662531015,27.498138957816376,0.8913151364764268,14.522332506203474,18.027915632754343,78.96774193548387,1009.4035980148884,42.90198511166253,23.159925558312658,0.8942928039702233,30.963399503722083,0.901985111662531,30.927543424317616,0.9286600496277916,30.888833746898264,1.1305210918114144,30.674069478908187,0.8958643507030615,30.960587262200157,0.9574264445232206,30.87107408720312,1.481439205955335,30.362047146401988,2.2828784119106698,4.462779156327543,0.018982630272952796,-0.2518491662038526,0.9555439310317305,0.0,0.0,1.0,0.0
Port Harcourt,1,32.689108910891086,23.681435643564356,27.409653465346533,1.3337871287128713,13.174133663366337,18.325507425742575,76.81683168316832,1009.9455445544554,60.4009900990099,22.155816831683172,1.3090346534653465,32.66658415841584,1.2787128712871287,32.65346534653465,1.2292079207920792,32.654455445544556,1.045049504950495,32.626608910891086,1.3071782178217946,32.6697194719472,1.219059405940601,32.6558521923621,1.0897937293729372,32.34361386138614,2.277227722772277,5.75,-0.01200495049504942,0.26914622541598193,0.9507974930743714,0.0,0.0,0.0,1.0
Port Harcourt,2,32.71546526867628,24.537614678899082,27.821625163827,2.4352555701179552,13.76343381389253,18.366343381389253,79.19921363040629,1009.2547837483618,67.16251638269986,23.343250327653998,2.389121887287025,32.746526867627786,2.3536041939711665,32.77024901703801,2.236828309305374,32.79829619921363,1.9689384010484927,32.832503276539974,2.392660550458731,32.74408038444736,2.2432690507395696,32.786631716906946,1.7852555701179555,32.74119266055046,3.5727391874180867,2.7155963302752295,-0.017693315858453622,0.6998826495000441,0.7004437289002414,0.0,0.0,0.0,1.0
Port Harcourt,3,31.30884109916368,24.746236559139785,27.301194743130225,5.097371565113501,12.458900836320192,16.943823178016725,84.45400238948626,1009.1168458781362,81.36917562724014,24.244444444444444,5.055555555555555,31.35185185185185,4.971804062126642,31.375866188769415,5.024970131421744,31.401553166069295,4.825328554360812,31.565949820788532,5.041577060931917,31.34551971326165,4.994299368492925,31.405922512374126,3.944723217841497,31.997956989247314,5.635603345280765,0.32974910394265233,-0.014934289127838058,0.9507358483495735,0.2694344298407859,0.0,0.0,0.0,1.0
Port Harcourt,4,30.57975308641975,24.574814814814815,26.932469135802467,6.868148148148148,11.574444444444444,16.36330864197531,86.78765432098766,1009.2848148148148,86.220987654321,24.401481481481483,6.856172839506173,30.592098765432098,6.771111111111112,30.61432098765432,6.693827160493827,30.626049382716047,6.38679012345679,30.70777777777778,6.831810699588495,30.595390946502057,6.697619047619055,30.6315873015873,6.084061728395062,30.852053497942386,6.071604938271605,0.16790123456790124,0.03580246913580317,0.9585418516210323,-0.24324453218953682,0.0,0.0,0.0,1.0
Port Harcourt,5,29.77132616487455,24.177777777777777,26.37861409796894,8.566905615292711,10.768339307048985,15.052592592592593,88.55197132616487,1010.7430107526882,88.1242532855436,24.221385902031063,8.260454002389487,29.80884109916368,8.15794504181601,29.856272401433692,8.020191158900836,29.910991636798087,7.847670250896058,30.067622461170846,8.32843488649942,29.81214655515731,8.103908516811751,29.904557091653864,7.442329749103942,30.25227399442453,6.467144563918757,0.08124253285543608,0.05483870967741919,0.7072225541200714,-0.6901665192288707,0.0,0.0,0.0,1.0
Port Harcourt,6,28.31470951792336,23.34054388133498,25.235475896168108,11.036588380716935,10.886897404202719,12.976749072929543,89.82447466007416,1012.4927070457354,88.92088998763906,23.368974042027194,11.162299134734239,28.365636588380717,11.241038318912237,28.398640296662546,11.287391841779975,28.42435105067985,10.792707045735474,28.592336217552536,11.146641944787822,28.35966213432221,11.150520925304617,28.431184884336922,9.965084466419448,28.98766790276061,6.736711990111249,0.04573547589616811,0.050432632880099255,0.26686277818903126,-0.9522608080565204,0.0,0.0,0.0,1.0
Port Harcourt,7,27.65694789081886,22.892928039702234,24.6605459057072,9.995161290322581,11.59652605459057,12.392245657568237,89.33995037220843,1013.240570719603,89.59429280397022,22.710173697270474,10.030272952853597,27.665880893300248,10.060545905707196,27.671712158808933,10.122704714640198,27.680272952853596,10.54379652605459,27.733126550868487,10.02866004962781,27.664846980976016,10.11024459411557,27.686033321517193,10.907605459057073,27.868598014888338,6.593052109181142,0.0967741935483871,0.007692307692307466,-0.246312920457273,-0.9569859726584071,0.0,0.0,0.0,1.0
Port Harcourt,8,27.815136476426797,22.846898263027292,24.70124069478908,8.772952853598015,12.437344913151366,13.189888337468982,88.29156327543424,1012.9646401985111,89.8287841191067,22.542679900744417,8.705334987593051,27.79739454094293,8.611042183622828,27.807816377171214,8.356823821339951,27.793424317617866,8.506327543424318,27.713399503722083,8.696443341604649,27.806782464846982,8.568486352357327,27.77979439914924,8.929412737799835,27.699495450785776,6.457816377171216,0.1054590570719603,-0.022580645161290238,-0.6986015521486683,-0.6988906051626536,0.0,0.0,0.0,1.0
Port Harcourt,9,28.10474358974359,22.90102564102564,24.796025641025643,11.23871794871795,11.316282051282052,13.18425641025641,90.13846153846154,1012.3176923076924,90.48589743589744,22.992051282051282,11.292564102564103,28.089871794871794,11.195512820512821,28.065128205128204,11.281410256410256,28.076666666666664,10.95397435897436,28.044743589743593,11.242264957264974,28.086581196581196,11.207875457875467,28.07485347985348,10.266461538461538,27.94390598290598,6.937179487179487,0.005128205128205128,-0.028076923076923194,-0.9554483105408331,-0.25512261543731224,0.0,0.0,0.0,1.0
Port Harcourt,10,28.770967741935486,23.167245657568238,25.278287841191066,10.088709677419354,10.379280397022333,14.054255583126551,90.14764267990074,1011.15,88.41191066997519,23.461414392059556,10.162034739454095,28.749627791563277,10.34305210918114,28.718486352357317,10.491315136476427,28.678535980148887,10.73771712158809,28.592679900744418,10.197932175351548,28.746360628618692,10.400460829493095,28.690942928039703,10.803800661703887,28.43113316790736,6.863523573200992,0.02357320099255583,-0.04131513647642674,-0.9540060537765929,0.25761338475855833,0.0,0.0,0.0,1.0
Port Harcourt,11,29.81128205128205,23.59371794871795,26.03192307692308,5.443846153846153,10.342948717948717,15.614653846153846,87.88333333333334,1010.1632051282052,73.45,23.721025641025644,5.602948717948718,29.75474358974359,5.778589743589744,29.70294871794872,5.952564102564103,29.66128205128205,6.67474358974359,29.484743589743587,5.608461538461556,29.756324786324786,5.971245421245429,29.66177655677656,8.01025641025641,29.256153846153847,6.1179487179487175,0.27692307692307694,-0.026923076923076633,-0.6971602505980882,0.701381927346947,0.0,0.0,0.0,1.0
Port Harcourt,12,31.532009925558313,23.702729528535983,26.944913151364762,1.5696029776674938,11.368238213399502,17.529578163771713,81.50124069478908,1009.9115384615384,54.74441687344913,23.016873449131513,1.6146401985111665,31.483250620347395,1.6713399503722084,31.43610421836228,1.7392059553349875,31.363771712158808,2.1564516129032256,31.094665012406946,1.6185277088503038,31.483788254755996,1.7719957461893021,31.359712867777386,3.1437096774193547,30.66597187758478,3.272952853598015,3.357320099255583,0.015012406947890423,-0.2518491662038526,0.9555439310317305,0.0,0.0,0.0,1.0
